"sf__Id","sf__Created",FirstName,LastName,Email,Phone
"003fj000012wdRdAAI","false","Rose","Gonzalez","rose@edge.com","(512) 757-6000"
"003fj000012wdReAAI","false","Sean","Forbes","sean@edge.com","(512) 757-6000"
"003fj000012wdRfAAI","false","Jack","Rogers","jrogers@burlington.com","(336) 222-7000"
"003fj000012wdRgAAI","false","Pat","Stumuller","pat@pyramid.net","(014) 427-4427"
"003fj000012wdRhAAI","false","Andy","Young","a_young@dickenson.com","(785) 241-6200"
"003fj000012wdRiAAI","false","Tim","Barr","barr_tim@grandhotels.com","(312) 596-1000"
"003fj000012wdRjAAI","false","John","Bond","bond_john@grandhotels.com","(312) 596-1000"
"003fj000012wdRkAAI","false","Stella","Pavlova","spavlova@uog.com","(212) 842-5500"
"003fj000012wdRlAAI","false","Lauren","Boyle","lboyle@uog.com","(212) 842-5500"
"003fj000012wdRmAAI","false","Babara","Levy","b.levy@expressl&t.net","(503) 421-7800"
"003fj000012wdRnAAI","false","Josh","Davis","j.davis@expressl&t.net","(503) 421-7800"
"003fj000012wdRoAAI","false","Jane","Grey","jane_gray@uoa.edu","(520) 773-9050"
"003fj000012wdRpAAI","false","Arthur","Song","asong@uog.com","(212) 842-5500"
"003fj000012wdRqAAI","false","Ashley","James","ajames@uog.com","+44 191 4956203"
"003fj000012wdRrAAI","false","Tom","Ripley","tripley@uog.com","(650) 450-8810"
"003fj000012wdRsAAI","false","Liz","D'Cruz","ldcruz@uog.com","(650) 450-8810"
"003fj000012wdRtAAI","false","Edna","Frank","efrank@genepoint.com","(650) 867-3450"
"003fj000012wdRuAAI","false","Avi","Green","agreen@uog.com","(212) 842-5500"
"003fj000015Xz69AAC","false","James","Smith","james.smith1@example.com","+1 (415) 555-1001"
"003fj000015Xz6AAAS","false","Mary","Johnson","mary.johnson2@example.com","+1 (415) 555-1002"
"003fj000015Xz6BAAS","false","John","Williams","john.williams3@example.com","+1 (415) 555-1003"
"003fj000015Xz6CAAS","false","Patricia","Brown","patricia.brown4@example.com","+1 (415) 555-1004"
"003fj000015Xz6DAAS","false","Robert","Jones","robert.jones5@example.com","+1 (415) 555-1005"
"003fj000015Xz6EAAS","false","Jennifer","Garcia","jennifer.garcia6@example.com","+1 (415) 555-1006"
"003fj000015Xz6FAAS","false","Michael","Miller","michael.miller7@example.com","+1 (415) 555-1007"
"003fj000015Xz6GAAS","false","Linda","Davis","linda.davis8@example.com","+1 (415) 555-1008"
"003fj000015Xz6HAAS","false","William","Rodriguez","william.rodriguez9@example.com","+1 (415) 555-1009"
"003fj000015Xz6IAAS","false","Elizabeth","Martinez","elizabeth.martinez10@example.com","+1 (415) 555-1010"
"003fj000015Xz6JAAS","false","David","Hernandez","david.hernandez11@example.com","+1 (415) 555-1011"
"003fj000015Xz6KAAS","false","Barbara","Lopez","barbara.lopez12@example.com","+1 (415) 555-1012"
"003fj000015Xz6LAAS","false","Richard","Gonzalez","richard.gonzalez13@example.com","+1 (415) 555-1013"
"003fj000015Xz6MAAS","false","Susan","Wilson","susan.wilson14@example.com","+1 (415) 555-1014"
"003fj000015Xz6NAAS","false","Joseph","Anderson","joseph.anderson15@example.com","+1 (415) 555-1015"
"003fj000015Xz6OAAS","false","Jessica","Thomas","jessica.thomas16@example.com","+1 (415) 555-1016"
"003fj000015Xz6PAAS","false","Thomas","Taylor","thomas.taylor17@example.com","+1 (415) 555-1017"
"003fj000015Xz6QAAS","false","Sarah","Moore","sarah.moore18@example.com","+1 (415) 555-1018"
"003fj000015Xz6RAAS","false","Charles","Jackson","charles.jackson19@example.com","+1 (415) 555-1019"
"003fj000015Xz6SAAS","false","Karen","Martin","karen.martin20@example.com","+1 (415) 555-1020"
"003fj000015Xz6TAAS","false","Christopher","Lee","christopher.lee21@example.com","+1 (415) 555-1021"
"003fj000015Xz6UAAS","false","Lisa","Perez","lisa.perez22@example.com","+1 (415) 555-1022"
"003fj000015Xz6VAAS","false","Daniel","Thompson","daniel.thompson23@example.com","+1 (415) 555-1023"
"003fj000015Xz6WAAS","false","Nancy","White","nancy.white24@example.com","+1 (415) 555-1024"
"003fj000015Xz6XAAS","false","Matthew","Harris","matthew.harris25@example.com","+1 (415) 555-1025"
"003fj000015Xz6YAAS","false","Betty","Sanchez","betty.sanchez26@example.com","+1 (415) 555-1026"
"003fj000015Xz6ZAAS","false","Anthony","Clark","anthony.clark27@example.com","+1 (415) 555-1027"
"003fj000015Xz6aAAC","false","Sandra","Ramirez","sandra.ramirez28@example.com","+1 (415) 555-1028"
"003fj000015Xz6bAAC","false","Mark","Lewis","mark.lewis29@example.com","+1 (415) 555-1029"
"003fj000015Xz6cAAC","false","Margaret","Robinson","margaret.robinson30@example.com","+1 (415) 555-1030"
"003fj000015Xz6dAAC","false","Donald","Walker","donald.walker31@example.com","+1 (415) 555-1031"
"003fj000015Xz6eAAC","false","Ashley","Young","ashley.young32@example.com","+1 (415) 555-1032"
"003fj000015Xz6fAAC","false","Steven","Allen","steven.allen33@example.com","+1 (415) 555-1033"
"003fj000015Xz6gAAC","false","Kimberly","King","kimberly.king34@example.com","+1 (415) 555-1034"
"003fj000015Xz6hAAC","false","Andrew","Wright","andrew.wright35@example.com","+1 (415) 555-1035"
"003fj000015Xz6iAAC","false","Emily","Scott","emily.scott36@example.com","+1 (415) 555-1036"
"003fj000015Xz6jAAC","false","Paul","Torres","paul.torres37@example.com","+1 (415) 555-1037"
"003fj000015Xz6kAAC","false","Donna","Nguyen","donna.nguyen38@example.com","+1 (415) 555-1038"
"003fj000015Xz6lAAC","false","Joshua","Hill","joshua.hill39@example.com","+1 (415) 555-1039"
"003fj000015Xz6mAAC","false","Michelle","Flores","michelle.flores40@example.com","+1 (415) 555-1040"
"003fj000015Xz6nAAC","false","Kenneth","Green","kenneth.green41@example.com","+1 (415) 555-1041"
"003fj000015Xz6oAAC","false","Carol","Adams","carol.adams42@example.com","+1 (415) 555-1042"
"003fj000015Xz6pAAC","false","Kevin","Nelson","kevin.nelson43@example.com","+1 (415) 555-1043"
"003fj000015Xz6qAAC","false","Amanda","Baker","amanda.baker44@example.com","+1 (415) 555-1044"
"003fj000015Xz6rAAC","false","Brian","Hall","brian.hall45@example.com","+1 (415) 555-1045"
"003fj000015Xz6sAAC","false","Dorothy","Rivera","dorothy.rivera46@example.com","+1 (415) 555-1046"
"003fj000015Xz6tAAC","false","George","Campbell","george.campbell47@example.com","+1 (415) 555-1047"
"003fj000015Xz6uAAC","false","Melissa","Mitchell","melissa.mitchell48@example.com","+1 (415) 555-1048"
"003fj000015Xz6vAAC","false","Timothy","Carter","timothy.carter49@example.com","+1 (415) 555-1049"
"003fj000015Xz6wAAC","false","Deborah","Roberts","deborah.roberts50@example.com","+1 (415) 555-1050"
"003fj000015Xz6xAAC","false","Aarav","Sharma","aarav.sharma51@example.com","+91 98765 1051"
"003fj000015Xz6yAAC","false","Ananya","Kumar","ananya.kumar52@example.com","+91 98765 1052"
"003fj000015Xz6zAAC","false","Vihaan","Singh","vihaan.singh53@example.com","+91 98765 1053"
"003fj000015Xz70AAC","false","Diya","Gupta","diya.gupta54@example.com","+91 98765 1054"
"003fj000015Xz71AAC","false","Aditya","Mehta","aditya.mehta55@example.com","+91 98765 1055"
"003fj000015Xz72AAC","false","Ishaan","Joshi","ishaan.joshi56@example.com","+91 98765 1056"
"003fj000015Xz73AAC","false","Aanya","Mishra","aanya.mishra57@example.com","+91 98765 1057"
"003fj000015Xz74AAC","false","Sai","Verma","sai.verma58@example.com","+91 98765 1058"
"003fj000015Xz75AAC","false","Pranav","Reddy","pranav.reddy59@example.com","+91 98765 1059"
"003fj000015Xz76AAC","false","Riya","Rao","riya.rao60@example.com","+91 98765 1060"
"003fj000015Xz77AAC","false","Krishna","Nair","krishna.nair61@example.com","+91 98765 1061"
"003fj000015Xz78AAC","false","Shruti","Pillai","shruti.pillai62@example.com","+91 98765 1062"
"003fj000015Xz79AAC","false","Arjun","Iyer","arjun.iyer63@example.com","+91 98765 1063"
"003fj000015Xz7AAAS","false","Sneha","Iyengar","sneha.iyengar64@example.com","+91 98765 1064"
"003fj000015Xz7BAAS","false","Rahul","Chatterjee","rahul.chatterjee65@example.com","+91 98765 1065"
"003fj000015Xz7CAAS","false","Pooja","Banerjee","pooja.banerjee66@example.com","+91 98765 1066"
"003fj000015Xz7DAAS","false","Amit","Mukherjee","amit.mukherjee67@example.com","+91 98765 1067"
"003fj000015Xz7EAAS","false","Neha","Sen","neha.sen68@example.com","+91 98765 1068"
"003fj000015Xz7FAAS","false","Rohan","Das","rohan.das69@example.com","+91 98765 1069"
"003fj000015Xz7GAAS","false","Divya","Choudhury","divya.choudhury70@example.com","+91 98765 1070"
"003fj000015Xz7HAAS","false","Siddharth","Roy","siddharth.roy71@example.com","+91 98765 1071"
"003fj000015Xz7IAAS","false","Anjali","Bose","anjali.bose72@example.com","+91 98765 1072"
"003fj000015Xz7JAAS","false","Vikram","Shah","vikram.shah73@example.com","+91 98765 1073"
"003fj000015Xz7KAAS","false","Tanvi","Trivedi","tanvi.trivedi74@example.com","+91 98765 1074"
"003fj000015Xz7LAAS","false","Rajesh","Pandey","rajesh.pandey75@example.com","+91 98765 1075"
"003fj000015Xz7MAAS","false","Kavita","Dubey","kavita.dubey76@example.com","+91 98765 1076"
"003fj000015Xz7NAAS","false","Sanjay","Yadav","sanjay.yadav77@example.com","+91 98765 1077"
"003fj000015Xz7OAAS","false","Swati","Prasad","swati.prasad78@example.com","+91 98765 1078"
"003fj000015Xz7PAAS","false","Vijay","Sinha","vijay.sinha79@example.com","+91 98765 1079"
"003fj000015Xz7QAAS","false","Meera","Jha","meera.jha80@example.com","+91 98765 1080"
"003fj000015Xz7RAAS","false","Abhishek","Naidu","abhishek.naidu81@example.com","+91 98765 1081"
"003fj000015Xz7SAAS","false","Priti","Shetty","priti.shetty82@example.com","+91 98765 1082"
"003fj000015Xz7TAAS","false","Dev","Hegde","dev.hegde83@example.com","+91 98765 1083"
"003fj000015Xz7UAAS","false","Shreya","Desai","shreya.desai84@example.com","+91 98765 1084"
"003fj000015Xz7VAAS","false","Karan","Kulkarni","karan.kulkarni85@example.com","+91 98765 1085"
"003fj000015Xz7WAAS","false","Aditi","Bhat","aditi.bhat86@example.com","+91 98765 1086"
"003fj000015Xz7XAAS","false","Alok","Rao","alok.rao87@example.com","+91 98765 1087"
"003fj000015Xz7YAAS","false","Ritu","Gowda","ritu.gowda88@example.com","+91 98765 1088"
"003fj000015Xz7ZAAS","false","Manish","Menon","manish.menon89@example.com","+91 98765 1089"
"003fj000015Xz7aAAC","false","Jyoti","Nambiar","jyoti.nambiar90@example.com","+91 98765 1090"
"003fj000015Xz7bAAC","false","Sunil","Joshi","sunil.joshi91@example.com","+91 98765 1091"
"003fj000015Xz7cAAC","false","Kiran","Chawla","kiran.chawla92@example.com","+91 98765 1092"
"003fj000015Xz7dAAC","false","Deepak","Kapoor","deepak.kapoor93@example.com","+91 98765 1093"
"003fj000015Xz7eAAC","false","Nisha","Malhotra","nisha.malhotra94@example.com","+91 98765 1094"
"003fj000015Xz7fAAC","false","Harish","Mehra","harish.mehra95@example.com","+91 98765 1095"
"003fj000015Xz7gAAC","false","Geeta","Sari","geeta.sari96@example.com","+91 98765 1096"
"003fj000015Xz7hAAC","false","Suresh","Kohli","suresh.kohli97@example.com","+91 98765 1097"
"003fj000015Xz7iAAC","false","Anita","Bhasin","anita.bhasin98@example.com","+91 98765 1098"
"003fj000015Xz7jAAC","false","Ramesh","Patel","ramesh.patel99@example.com","+91 98765 1099"
"003fj000015Xz7kAAC","false","Rekha","Sharma","rekha.sharma100@example.com","+91 98765 1100"
"003fj000015uWBVAA2","true","Arjun","Sharma","arjun.sharma@infosys.com","212-555-3001"
"003fj000015uWBWAA2","true","Priya","Nair","priya.nair@tcs.com","212-555-3002"
"003fj000015uWBXAA2","true","Rahul","Verma","rahul.verma@wipro.com","408-555-3003"
"003fj000015uWBYAA2","true","Deepika","Reddy","deepika.reddy@hcltech.com","201-555-3004"
"003fj000015uWBZAA2","true","James","Anderson","james.anderson@accenture.com","312-555-3005"
"003fj000015uWBaAAM","true","Jennifer","Williams","jennifer.williams@cognizant.com","201-555-3006"
"003fj000015uWBbAAM","true","Vikram","Singh","vikram.singh@techmahindra.com","972-555-3007"
"003fj000015uWBcAAM","true","Sarah","Johnson","sarah.johnson@deloitte.com","202-555-3008"
"003fj000015uWBdAAM","true","Suresh","Patel","suresh.patel@persistent.com","408-555-3009"
"003fj000015uWBeAAM","true","Michael","Davis","michael.davis@mphasis.com","510-555-3010"
