Id,Email,Account.Name
003gK00000j4AgRQAU,rose@edge.com,Edge Communications
003gK00000j4AgSQAU,sean@edge.com,Edge Communications
003gK00000j4AgTQAU,jrogers@burlington.com,Burlington Textiles Corp of America
003gK00000j4AgUQAU,pat@pyramid.net,Pyramid Construction Inc.
003gK00000j4AgVQAU,a_young@dickenson.com,Dickenson plc
003gK00000j4AgWQAU,barr_tim@grandhotels.com,Grand Hotels & Resorts Ltd
003gK00000j4AgXQAU,bond_john@grandhotels.com,Grand Hotels & Resorts Ltd
003gK00000j4AgYQAU,spavlova@uog.com,United Oil & Gas Corp.
003gK00000j4AgZQAU,lboyle@uog.com,United Oil & Gas Corp.
003gK00000j4AgaQAE,b.levy@expressl&t.net,Express Logistics and Transport
003gK00000j4AgbQAE,j.davis@expressl&t.net,Express Logistics and Transport
003gK00000j4AgcQAE,jane_gray@uoa.edu,University of Arizona
003gK00000j4AgdQAE,asong@uog.com,United Oil & Gas Corp.
003gK00000j4AgeQAE,ajames@uog.com,"United Oil & Gas, UK"
003gK00000j4AgfQAE,tripley@uog.com,"United Oil & Gas, Singapore"
003gK00000j4AggQAE,ldcruz@uog.com,"United Oil & Gas, Singapore"
003gK00000j4AghQAE,efrank@genepoint.com,GenePoint
003gK00000j4AgiQAE,agreen@uog.com,United Oil & Gas Corp.
003gK00000l003NQAQ,james.smith1@example.com,Universal Contacts Parent Corp
003gK00000l003OQAQ,mary.johnson2@example.com,Universal Contacts Parent Corp
003gK00000l003PQAQ,john.williams3@example.com,Universal Contacts Parent Corp
003gK00000l003QQAQ,patricia.brown4@example.com,Universal Contacts Parent Corp
003gK00000l003RQAQ,robert.jones5@example.com,Universal Contacts Parent Corp
003gK00000l003SQAQ,jennifer.garcia6@example.com,Universal Contacts Parent Corp
003gK00000l003TQAQ,michael.miller7@example.com,Universal Contacts Parent Corp
003gK00000l003UQAQ,linda.davis8@example.com,Universal Contacts Parent Corp
003gK00000l003VQAQ,william.rodriguez9@example.com,Universal Contacts Parent Corp
003gK00000l003WQAQ,elizabeth.martinez10@example.com,Universal Contacts Parent Corp
003gK00000l003XQAQ,david.hernandez11@example.com,Universal Contacts Parent Corp
003gK00000l003YQAQ,barbara.lopez12@example.com,Universal Contacts Parent Corp
003gK00000l003ZQAQ,richard.gonzalez13@example.com,Universal Contacts Parent Corp
003gK00000l003aQAA,susan.wilson14@example.com,Universal Contacts Parent Corp
003gK00000l003bQAA,joseph.anderson15@example.com,Universal Contacts Parent Corp
003gK00000l003cQAA,jessica.thomas16@example.com,Universal Contacts Parent Corp
003gK00000l003dQAA,thomas.taylor17@example.com,Universal Contacts Parent Corp
003gK00000l003eQAA,sarah.moore18@example.com,Universal Contacts Parent Corp
003gK00000l003fQAA,charles.jackson19@example.com,Universal Contacts Parent Corp
003gK00000l003gQAA,karen.martin20@example.com,Universal Contacts Parent Corp
003gK00000l003hQAA,christopher.lee21@example.com,Universal Contacts Parent Corp
003gK00000l003iQAA,lisa.perez22@example.com,Universal Contacts Parent Corp
003gK00000l003jQAA,daniel.thompson23@example.com,Universal Contacts Parent Corp
003gK00000l003kQAA,nancy.white24@example.com,Universal Contacts Parent Corp
003gK00000l003lQAA,matthew.harris25@example.com,Universal Contacts Parent Corp
003gK00000l003mQAA,betty.sanchez26@example.com,Universal Contacts Parent Corp
003gK00000l003nQAA,anthony.clark27@example.com,Universal Contacts Parent Corp
003gK00000l003oQAA,sandra.ramirez28@example.com,Universal Contacts Parent Corp
003gK00000l003pQAA,mark.lewis29@example.com,Universal Contacts Parent Corp
003gK00000l003qQAA,margaret.robinson30@example.com,Universal Contacts Parent Corp
003gK00000l003rQAA,donald.walker31@example.com,Universal Contacts Parent Corp
003gK00000l003sQAA,ashley.young32@example.com,Universal Contacts Parent Corp
003gK00000l003tQAA,steven.allen33@example.com,Universal Contacts Parent Corp
003gK00000l003uQAA,kimberly.king34@example.com,Universal Contacts Parent Corp
003gK00000l003vQAA,andrew.wright35@example.com,Universal Contacts Parent Corp
003gK00000l003wQAA,emily.scott36@example.com,Universal Contacts Parent Corp
003gK00000l003xQAA,paul.torres37@example.com,Universal Contacts Parent Corp
003gK00000l003yQAA,donna.nguyen38@example.com,Universal Contacts Parent Corp
003gK00000l003zQAA,joshua.hill39@example.com,Universal Contacts Parent Corp
003gK00000l0040QAA,michelle.flores40@example.com,Universal Contacts Parent Corp
003gK00000l0041QAA,kenneth.green41@example.com,Universal Contacts Parent Corp
003gK00000l0042QAA,carol.adams42@example.com,Universal Contacts Parent Corp
003gK00000l0043QAA,kevin.nelson43@example.com,Universal Contacts Parent Corp
003gK00000l0044QAA,amanda.baker44@example.com,Universal Contacts Parent Corp
003gK00000l0045QAA,brian.hall45@example.com,Universal Contacts Parent Corp
003gK00000l0046QAA,dorothy.rivera46@example.com,Universal Contacts Parent Corp
003gK00000l0047QAA,george.campbell47@example.com,Universal Contacts Parent Corp
003gK00000l0048QAA,melissa.mitchell48@example.com,Universal Contacts Parent Corp
003gK00000l0049QAA,timothy.carter49@example.com,Universal Contacts Parent Corp
003gK00000l004AQAQ,deborah.roberts50@example.com,Universal Contacts Parent Corp
003gK00000l004BQAQ,aarav.sharma51@example.com,Universal Contacts Parent Corp
003gK00000l004CQAQ,ananya.kumar52@example.com,Universal Contacts Parent Corp
003gK00000l004DQAQ,vihaan.singh53@example.com,Universal Contacts Parent Corp
003gK00000l004EQAQ,diya.gupta54@example.com,Universal Contacts Parent Corp
003gK00000l004FQAQ,aditya.mehta55@example.com,Universal Contacts Parent Corp
003gK00000l004GQAQ,ishaan.joshi56@example.com,Universal Contacts Parent Corp
003gK00000l004HQAQ,aanya.mishra57@example.com,Universal Contacts Parent Corp
003gK00000l004IQAQ,sai.verma58@example.com,Universal Contacts Parent Corp
003gK00000l004JQAQ,pranav.reddy59@example.com,Universal Contacts Parent Corp
003gK00000l004KQAQ,riya.rao60@example.com,Universal Contacts Parent Corp
003gK00000l004LQAQ,krishna.nair61@example.com,Universal Contacts Parent Corp
003gK00000l004MQAQ,shruti.pillai62@example.com,Universal Contacts Parent Corp
003gK00000l004NQAQ,arjun.iyer63@example.com,Universal Contacts Parent Corp
003gK00000l004OQAQ,sneha.iyengar64@example.com,Universal Contacts Parent Corp
003gK00000l004PQAQ,rahul.chatterjee65@example.com,Universal Contacts Parent Corp
003gK00000l004QQAQ,pooja.banerjee66@example.com,Universal Contacts Parent Corp
003gK00000l004RQAQ,amit.mukherjee67@example.com,Universal Contacts Parent Corp
003gK00000l004SQAQ,neha.sen68@example.com,Universal Contacts Parent Corp
003gK00000l004TQAQ,rohan.das69@example.com,Universal Contacts Parent Corp
003gK00000l004UQAQ,divya.choudhury70@example.com,Universal Contacts Parent Corp
003gK00000l004VQAQ,siddharth.roy71@example.com,Universal Contacts Parent Corp
003gK00000l004WQAQ,anjali.bose72@example.com,Universal Contacts Parent Corp
003gK00000l004XQAQ,vikram.shah73@example.com,Universal Contacts Parent Corp
003gK00000l004YQAQ,tanvi.trivedi74@example.com,Universal Contacts Parent Corp
003gK00000l004ZQAQ,rajesh.pandey75@example.com,Universal Contacts Parent Corp
003gK00000l004aQAA,kavita.dubey76@example.com,Universal Contacts Parent Corp
003gK00000l004bQAA,sanjay.yadav77@example.com,Universal Contacts Parent Corp
003gK00000l004cQAA,swati.prasad78@example.com,Universal Contacts Parent Corp
003gK00000l004dQAA,vijay.sinha79@example.com,Universal Contacts Parent Corp
003gK00000l004eQAA,meera.jha80@example.com,Universal Contacts Parent Corp
003gK00000l004fQAA,abhishek.naidu81@example.com,Universal Contacts Parent Corp
003gK00000l004gQAA,priti.shetty82@example.com,Universal Contacts Parent Corp
003gK00000l004hQAA,dev.hegde83@example.com,Universal Contacts Parent Corp
003gK00000l004iQAA,shreya.desai84@example.com,Universal Contacts Parent Corp
003gK00000l004jQAA,karan.kulkarni85@example.com,Universal Contacts Parent Corp
003gK00000l004kQAA,aditi.bhat86@example.com,Universal Contacts Parent Corp
003gK00000l004lQAA,alok.rao87@example.com,Universal Contacts Parent Corp
003gK00000l004mQAA,ritu.gowda88@example.com,Universal Contacts Parent Corp
003gK00000l004nQAA,manish.menon89@example.com,Universal Contacts Parent Corp
003gK00000l004oQAA,jyoti.nambiar90@example.com,Universal Contacts Parent Corp
003gK00000l004pQAA,sunil.joshi91@example.com,Universal Contacts Parent Corp
003gK00000l004qQAA,kiran.chawla92@example.com,Universal Contacts Parent Corp
003gK00000l004rQAA,deepak.kapoor93@example.com,Universal Contacts Parent Corp
003gK00000l004sQAA,nisha.malhotra94@example.com,Universal Contacts Parent Corp
003gK00000l004tQAA,harish.mehra95@example.com,Universal Contacts Parent Corp
003gK00000l004uQAA,geeta.sari96@example.com,Universal Contacts Parent Corp
003gK00000l004vQAA,suresh.kohli97@example.com,Universal Contacts Parent Corp
003gK00000l004wQAA,anita.bhasin98@example.com,Universal Contacts Parent Corp
003gK00000l004xQAA,ramesh.patel99@example.com,Universal Contacts Parent Corp
003gK00000l004yQAA,rekha.sharma100@example.com,Universal Contacts Parent Corp
003gK00000lCIsXQAW,arjun.sharma@infosys.com,Infosys Technologies Ltd
003gK00000lCIsYQAW,priya.nair@tcs.com,Tata Consultancy Services
003gK00000lCIsZQAW,rahul.verma@wipro.com,Wipro Solutions Inc
003gK00000lCIsaQAG,deepika.reddy@hcltech.com,HCL Technologies Corp
003gK00000lCIsbQAG,james.anderson@accenture.com,Accenture Solutions LLC
003gK00000lCIscQAG,jennifer.williams@cognizant.com,Cognizant Technology Solutions
003gK00000lCIsdQAG,vikram.singh@techmahindra.com,Tech Mahindra America Inc
003gK00000lCIseQAG,sarah.johnson@deloitte.com,Deloitte Consulting Group
003gK00000lCIsfQAG,suresh.patel@persistent.com,Persistent Systems Inc
003gK00000lCIsgQAG,michael.davis@mphasis.com,Mphasis Corporation
